Design,Rep,SR_ksha,Yield_Mgha
CRD,1,40,10.49191237
CRD,1,60,12.68804344
CRD,1,80,13.80767758
CRD,1,100,14.20913286
CRD,1,120,14.53769567
CRD,2,40,9.476553106
CRD,2,60,12.16873703
CRD,2,80,14.09841004
CRD,2,100,14.36087949
CRD,2,120,14.05698271
CRD,3,40,10.06914346
CRD,3,60,12.50030432
CRD,3,80,13.64848417
CRD,3,100,14.77788995
CRD,3,120,13.86242513
CRD,4,40,9.716880415
CRD,4,60,12.1851029
CRD,4,80,12.87955077
CRD,4,100,14.80179892
CRD,4,120,14.46243772