Design,Rep,SR_ksha,Yield_Mgha
RCBD,1,40,16.49191237
RCBD,1,60,18.68804344
RCBD,1,80,19.80767758
RCBD,1,100,20.20913286
RCBD,1,120,20.53769567
RCBD,2,40,9.476553106
RCBD,2,60,12.16873703
RCBD,2,80,14.09841004
RCBD,2,100,14.36087949
RCBD,2,120,14.05698271
RCBD,3,40,6.069143456
RCBD,3,60,8.500304321
RCBD,3,80,9.648484171
RCBD,3,100,10.77788995
RCBD,3,120,9.862425126
RCBD,4,40,6.716880415
RCBD,4,60,9.185102897
RCBD,4,80,9.879550766
RCBD,4,100,11.80179892
RCBD,4,120,11.46243772